{
    "trajectory_id:171": {
        "x": [
            -99.02101435415976,
            -92.62355449339326,
            -85.20656776663125,
            -77.34045424995749,
            -69.4715781008774,
            -61.602702836096704,
            -53.73393931367893
        ],
        "y": [
            8.867714538775717,
            8.890004163551229,
            8.911377638405677,
            8.928249340503056,
            8.945097495053188,
            8.962219929530823,
            9.006247933733265
        ]
    },
    "trajectory_id:265": {
        "x": [
            -99.02101435415977,
            -92.86947715694214,
            -86.55329740126533,
            -80.01182169077069,
            -73.30190571669924,
            -66.55682551930559,
            -59.81861052875446
        ],
        "y": [
            8.867714538775717,
            9.19812355748536,
            10.40590108372024,
            11.611606532407333,
            11.936877009196886,
            11.95137498309376,
            11.968634378519681
        ]
    },
    "trajectory_id:792": {
        "x": [
            -99.02101435415977,
            -93.05892107358096,
            -87.91836826969347,
            -84.10910402626013,
            -81.80087205477912,
            -80.82356132621747,
            -80.66735016852384
        ],
        "y": [
            8.867714538775719,
            8.913748162324541,
            9.06025005883655,
            9.28834342908832,
            9.511484112363235,
            9.644252297678383,
            9.671134624298917
        ]
    },
    "trajectory_id:195": {
        "x": [
            -99.02101435415975,
            -93.88243851933954,
            -92.30689248530341,
            -92.29678260640229,
            -92.29628260752851,
            -92.29578260865475,
            -92.29528260978097
        ],
        "y": [
            8.867714538775738,
            10.133039085280885,
            11.876627195421879,
            11.896279287740017,
            11.896280356671616,
            11.896281425603217,
            11.896282494534816
        ]
    }
}