{
    "trajectory_id:129": {
        "cost": 61.06172508378999,
        "costMap": {
            "lateral_jerk": [
                11.561014887625284,
                2.312202977525057
            ],
            "prediction": [
                28.347479233672395,
                5.669495846734479
            ],
            "longitudinal_jerk": [
                8.569856531309767,
                1.7139713062619535
            ],
            "distance_to_reference_path": [
                5.80947501931113,
                29.04737509655565
            ],
            "velocity_offset": [
                22.31867985671285,
                22.31867985671285
            ]
        }
    },
    "trajectory_id:540": {
        "cost": 452.0604597659594,
        "costMap": {
            "lateral_jerk": [
                0.28876767170372025,
                0.05775353434074405
            ],
            "prediction": [
                2166.5390910096585,
                433.3078182019317
            ],
            "longitudinal_jerk": [
                0.3408689418477893,
                0.06817378836955787
            ],
            "distance_to_reference_path": [
                2.826856622786986,
                14.134283113934929
            ],
            "velocity_offset": [
                4.49243112738251,
                4.49243112738251
            ]
        }
    },
    "trajectory_id:483": {
        "cost": 1026.3707478522279,
        "costMap": {
            "lateral_jerk": [
                10.760616016575863,
                2.1521232033151727
            ],
            "prediction": [
                4801.534253477919,
                960.3068506955839
            ],
            "longitudinal_jerk": [
                5.1984055787653425,
                1.0396811157530685
            ],
            "distance_to_reference_path": [
                5.785124397685065,
                28.925621988425327
            ],
            "velocity_offset": [
                33.94647084915052,
                33.94647084915052
            ]
        }
    },
    "trajectory_id:128": {
        "cost": 74.34730699918578,
        "costMap": {
            "lateral_jerk": [
                19.65931519817416,
                3.931863039634832
            ],
            "prediction": [
                14.234590560434993,
                2.846918112086999
            ],
            "longitudinal_jerk": [
                8.569856531309767,
                1.7139713062619535
            ],
            "distance_to_reference_path": [
                8.714212528966677,
                43.57106264483338
            ],
            "velocity_offset": [
                22.28349189636861,
                22.28349189636861
            ]
        }
    },
    "trajectory_id:492": {
        "cost": 222.1487614877167,
        "costMap": {
            "lateral_jerk": [
                6.590231543927837,
                1.3180463087855676
            ],
            "prediction": [
                754.4589664660242,
                150.89179329320484
            ],
            "longitudinal_jerk": [
                11.75091975209097,
                2.3501839504181943
            ],
            "distance_to_reference_path": [
                2.8898708810587355,
                14.449354405293677
            ],
            "velocity_offset": [
                53.139383530014435,
                53.139383530014435
            ]
        }
    },
    "trajectory_id:183": {
        "cost": 1098.8983414365619,
        "costMap": {
            "lateral_jerk": [
                20.83218974473177,
                4.1664379489463546
            ],
            "prediction": [
                5142.452619585468,
                1028.4905239170937
            ],
            "longitudinal_jerk": [
                8.241001353797923,
                1.6482002707595846
            ],
            "distance_to_reference_path": [
                5.809475019311127,
                29.047375096555633
            ],
            "velocity_offset": [
                35.54580420320643,
                35.54580420320643
            ]
        }
    }
}